T,t2,beta,yield
-8,7,105,33.59432606861618
20,11,105,43.53005031088318
2,20,115,44.47548078459844
-8,15,105,46.44391044003689
-20,15,100,43.09765328061004
-18,8,115,40.46511560797738
16,16,115,46.69390484518699
-8,17,110,39.25994566074728
14,14,110,57.17801534743095
20,14,100,50.87038883614889
18,14,115,65.39445174673757
20,14,120,57.17797615309797
0,13,120,61.9639899850778
6,13,120,87.1092592177238
-14,5,100,0.0
-14,8,100,0.0
-14,11,100,0.0
-14,14,100,0.0
-14,17,100,0.0
